title,description
Task 01,Descrição da Task 01
Task 02,Descrição da Task 02
Task 03,Descrição da Task 03
Task 04,Descrição da Task 04
Task 05,Descrição da Task 05
Task 06,Descrição da Task 06
Task 07,Descrição da Task 07
Task 08,Descrição da Task 08
Task 09,Descrição da Task 09
Task 10,Descrição da Task 10
Task 11,Descrição da Task 11
Task 12,Descrição da Task 12
Task 13,Descrição da Task 13
Task 14,Descrição da Task 14
Task 15,Descrição da Task 15
Task 16,Descrição da Task 16
Task 17,Descrição da Task 17
Task 18,Descrição da Task 18
Task 19,Descrição da Task 19
Task 20,Descrição da Task 20
Task 21,Descrição da Task 21
Task 22,Descrição da Task 22
Task 23,Descrição da Task 23
Task 24,Descrição da Task 24
Task 25,Descrição da Task 25
Task 26,Descrição da Task 26
Task 27,Descrição da Task 27
Task 28,Descrição da Task 28
Task 29,Descrição da Task 29
Task 30,Descrição da Task 30
Task 31,Descrição da Task 31
Task 32,Descrição da Task 32
Task 33,Descrição da Task 33
Task 34,Descrição da Task 34
Task 35,Descrição da Task 35
Task 36,Descrição da Task 36
Task 37,Descrição da Task 37
Task 38,Descrição da Task 38
Task 39,Descrição da Task 39
Task 40,Descrição da Task 40
Task 41,Descrição da Task 41
Task 42,Descrição da Task 42
Task 43,Descrição da Task 43
Task 44,Descrição da Task 44
Task 45,Descrição da Task 45
Task 46,Descrição da Task 46
Task 47,Descrição da Task 47
Task 48,Descrição da Task 48
Task 49,Descrição da Task 49
Task 50,Descrição da Task 50
Task 51,Descrição da Task 51
Task 52,Descrição da Task 52
Task 53,Descrição da Task 53
Task 54,Descrição da Task 54
Task 55,Descrição da Task 55
Task 56,Descrição da Task 56
Task 57,Descrição da Task 57
Task 58,Descrição da Task 58
Task 59,Descrição da Task 59
Task 60,Descrição da Task 60
Task 61,Descrição da Task 61
